{
  "project_info": {
    "project_number": "685779010587",
    "firebase_url": "https://mygamefirebase844.firebaseio.com",
    "project_id": "mygamefirebase844",
    "storage_bucket": "mygamefirebase844.appspot.com"
  },
  "client": [
    {
      "client_info": {
        "mobilesdk_app_id": "1:685779010587:android:56afba10e2a35d95",
        "android_client_info": {
          "package_name": "com.example.magshimim.light_project"
        }
      },
      "oauth_client": [
        {
          "client_id": "685779010587-0bg37h0asjaefocoqmeubnctqjkrgct3.apps.googleusercontent.com",
          "client_type": 3
        }
      ],
      "api_key": [
        {
          "current_key": "AIzaSyDj3hgTr3DrANy5Xj5n64K3HFeT6rLhWWI"
        }
      ],
      "services": {
        "analytics_service": {
          "status": 1
        },
        "appinvite_service": {
          "status": 1,
          "other_platform_oauth_client": []
        },
        "ads_service": {
          "status": 2
        }
      }
    }
  ],
  "configuration_version": "1"
}