{
  "project_info": {
    "project_number": "123559947868",
    "firebase_url": "https://guyprojectfirebase.firebaseio.com",
    "project_id": "guyprojectfirebase",
    "storage_bucket": "guyprojectfirebase.appspot.com"
  },
  "client": [
    {
      "client_info": {
        "mobilesdk_app_id": "1:123559947868:android:56afba10e2a35d95",
        "android_client_info": {
          "package_name": "com.example.magshimim.light_project"
        }
      },
      "oauth_client": [
        {
          "client_id": "123559947868-rtr9n3u3lvji8bmptihbulvdhsb5570s.apps.googleusercontent.com",
          "client_type": 1,
          "android_info": {
            "package_name": "com.example.magshimim.light_project",
            "certificate_hash": "a1782fe0fc8e8379eea32d3c6073bf01559e592c"
          }
        },
        {
          "client_id": "123559947868-7is901kfa9hlkivusn7e11kn6mp6to4b.apps.googleusercontent.com",
          "client_type": 3
        }
      ],
      "api_key": [
        {
          "current_key": "AIzaSyBvbC_5h1YshivyF20LciGhFZQoZS-g03Y"
        }
      ],
      "services": {
        "analytics_service": {
          "status": 1
        },
        "appinvite_service": {
          "status": 2,
          "other_platform_oauth_client": [
            {
              "client_id": "123559947868-7is901kfa9hlkivusn7e11kn6mp6to4b.apps.googleusercontent.com",
              "client_type": 3
            }
          ]
        },
        "ads_service": {
          "status": 2
        }
      }
    }
  ],
  "configuration_version": "1"
}